[
  {
    "title": "Two Sum",
    "category": "Array",
    "difficulty": "Easy",
    "hint": "Use a hash map to store complements",
    "explanation": "Iterate through the array and check if the complement exists in the hash map. If it does, return the indices.",
    "time_complexity": "O(n)",
    "space_complexity": "O(n)",
    "sample_input": "[2,7,11,15], target = 9",
    "sample_output": "[0,1]",
    "starter_code": "function twoSum(nums, target) {\n  // Your code here\n}"
  },
  {
    "title": "Valid Parentheses",
    "category": "Stack",
    "difficulty": "Easy",
    "hint": "Use a stack to track opening brackets",
    "explanation": "Push opening brackets onto a stack. When encountering a closing bracket, check if it matches the top of the stack.",
    "time_complexity": "O(n)",
    "space_complexity": "O(n)",
    "sample_input": "\"()[]{}\"",
    "sample_output": "true",
    "starter_code": "function isValid(s) {\n  // Your code here\n}"
  },
  {
    "title": "Merge Two Sorted Lists",
    "category": "LinkedList",
    "difficulty": "Easy",
    "hint": "Use a dummy node to simplify the merging process",
    "explanation": "Compare nodes from both lists and link them in sorted order. Continue until one list is exhausted.",
    "time_complexity": "O(n + m)",
    "space_complexity": "O(1)",
    "sample_input": "list1 = [1,2,4], list2 = [1,3,4]",
    "sample_output": "[1,1,2,3,4,4]",
    "starter_code": "function mergeTwoLists(list1, list2) {\n  // Your code here\n}"
  }
]
